Afghanistan,AF,2.68,13.54,13.54,13.54,5.315,5.315,5.315,5.315,7.86,7.86,7.86,7.86,1.0025,1.0025,1.0025,1.0025,2.68, 
Aland Islands,AX,2.68,8.443333333,8.443333333,8.443333333,3.855,3.855,3.855,3.855,10.1675,10.1675,10.1675,10.1675,2.2725,2.2725,2.2725,2.2725,9.49,
Albania,AL,2.27,5.866666667,5.866666667,5.866666667,3.8475,3.8475,3.8475,3.8475,10.51,10.51,10.51,10.51,2.985,2.985,2.985,2.985,13.03,
Algeria,DZ,1.36,9.86,9.86,9.86,3.4825,3.4825,3.4825,3.4825,10.7275,10.7275,10.7275,10.7275,1.8525,1.8525,1.8525,1.8525,6.17,
American Samoa,AS,2.68,9.253333333,9.253333333,9.253333333,4.54,4.54,4.54,4.54,9.3725,9.3725,9.3725,9.3725,2.4225,2.4225,2.4225,2.4225,6.9,
Andorra,AD,2.37,4.456666667,4.456666667,4.456666667,2.54,2.54,2.54,2.54,10.7975,10.7975,10.7975,10.7975,3.9775,3.9775,3.9775,3.9775,17.36,
Angola,AO,2.68,15.94333333,15.94333333,15.94333333,4.66,4.66,4.66,4.66,6.95,6.95,6.95,6.95,0.8575,0.8575,0.8575,0.8575,2.3,
Anguilla,AI,2.68,7.21,7.21,7.21,3.475,3.475,3.475,3.475,10.5675,10.5675,10.5675,10.5675,3.105,3.105,3.105,3.105,9.78,
Antarctica,AQ,2.68,8.443333333,8.443333333,8.443333333,3.855,3.855,3.855,3.855,10.1675,10.1675,10.1675,10.1675,2.2725,2.2725,2.2725,2.2725,9.49,
Antigua and Barbuda,AG,2.16,7.506666667,7.506666667,7.506666667,4.0375,4.0375,4.0375,4.0375,10.42,10.42,10.42,10.42,2.685,2.685,2.685,2.685,8.91,
Argentina,AR,2.11,8.006666667,8.006666667,8.006666667,3.7975,3.7975,3.7975,3.7975,9.9,9.9,9.9,9.9,2.2675,2.2675,2.2675,2.2675,12.13,
Armenia,AM,2.46,6.213333333,6.213333333,6.213333333,2.9075,2.9075,2.9075,2.9075,10.76,10.76,10.76,10.76,3.52,3.52,3.52,3.52,12.6,
Aruba,AW,2.68,5.85,5.85,5.85,3.015,3.015,3.015,3.015,10.135,10.135,10.135,10.135,3.6975,3.6975,3.6975,3.6975,15.05,
Australia,AU,2.56,6.24,6.24,6.24,3.2225,3.2225,3.2225,3.2225,10.2875,10.2875,10.2875,10.2875,2.8375,2.8375,2.8375,2.8375,15.88,
Austria,AT,3.01,4.67,4.67,4.67,2.59,2.59,2.59,2.59,10.3375,10.3375,10.3375,10.3375,3.6025,3.6025,3.6025,3.6025,19.87,
Azerbaijan,AZ,2.16,7.613333333,7.613333333,7.613333333,3.2925,3.2925,3.2925,3.2925,11.3225,11.3225,11.3225,11.3225,2.8525,2.8525,2.8525,2.8525,7.29,
Bahamas,BS,2.24,7.346666667,7.346666667,7.346666667,3.8475,3.8475,3.8475,3.8475,10.965,10.965,10.965,10.965,2.51,2.51,2.51,2.51,8.67,
Bahrain,BH,2.34,6.15,6.15,6.15,3.79,3.79,3.79,3.79,14.035,14.035,14.035,14.035,1.7225,1.7225,1.7225,1.7225,3.36,
Bangladesh,BD,1.62,8.826666667,8.826666667,8.826666667,4.64,4.64,4.64,4.64,10.18,10.18,10.18,10.18,1.8525,1.8525,1.8525,1.8525,6.82,
Barbados,BB,2.68,5.83,5.83,5.83,3.085,3.085,3.085,3.085,10.6725,10.6725,10.6725,10.6725,3.4775,3.4775,3.4775,3.4775,13.57,
Belarus,BY,2.59,5.363333333,5.363333333,5.363333333,2.3975,2.3975,2.3975,2.3975,10.985,10.985,10.985,10.985,3.6125,3.6125,3.6125,3.6125,15.93,
Belgium,BE,3.6,5.74,5.74,5.74,2.8,2.8,2.8,2.8,9.8075,9.8075,9.8075,9.8075,3.285,3.285,3.285,3.285,19.21,
Belize,BZ,1.7,10.85666667,10.85666667,10.85666667,4.75,4.75,4.75,4.75,9.43,9.43,9.43,9.43,1.545,1.545,1.545,1.545,4.53,
Benin,BJ,2.08,15.18666667,15.18666667,15.18666667,5.09,5.09,5.09,5.09,7.135,7.135,7.135,7.135,0.7875,0.7875,0.7875,0.7875,2.39,
Bermuda,BM,2.68,5.566666667,5.566666667,5.566666667,2.97,2.97,2.97,2.97,8.8275,8.8275,8.8275,8.8275,4.0925,4.0925,4.0925,4.0925,19.74,
Bhutan,BT,2.05,8.173333333,8.173333333,8.173333333,4.4425,4.4425,4.4425,4.4425,11.18,11.18,11.18,11.18,1.5975,1.5975,1.5975,1.5975,6.6,
Bolivia,BO,2.01,10.11333333,10.11333333,10.11333333,4.8025,4.8025,4.8025,4.8025,9.67,9.67,9.67,9.67,1.515,1.515,1.515,1.515,5.71,
Bonaire Sint Eustatius and Saba,BQ,2.68,8.443333333,8.443333333,8.443333333,3.855,3.855,3.855,3.855,10.1675,10.1675,10.1675,10.1675,2.2725,2.2725,2.2725,2.2725,9.49,
Bosnia and Herzegovina,BA,2.77,4.393333333,4.393333333,4.393333333,2.7075,2.7075,2.7075,2.7075,11.13,11.13,11.13,11.13,3.81,3.81,3.81,3.81,16.22,
Botswana,BW,1.67,10.18,10.18,10.18,4.5775,4.5775,4.5775,4.5775,9.9175,9.9175,9.9175,9.9175,1.48,1.48,1.48,1.48,5.56,
Bouvet Island,BV,2.68,8.443333333,8.443333333,8.443333333,3.855,3.855,3.855,3.855,10.1675,10.1675,10.1675,10.1675,2.2725,2.2725,2.2725,2.2725,9.49,
Brazil,BR,2,7.036666667,7.036666667,7.036666667,4.015,4.015,4.015,4.015,10.9575,10.9575,10.9575,10.9575,2.445,2.445,2.445,2.445,9.21,
British Indian Ocean Territory,IO,2.68,8.443333333,8.443333333,8.443333333,3.855,3.855,3.855,3.855,10.1675,10.1675,10.1675,10.1675,2.2725,2.2725,2.2725,2.2725,9.49,
Brunei Darussalam,BN,1.84,8.443333333,8.443333333,8.443333333,3.855,3.855,3.855,3.855,10.1675,10.1675,10.1675,10.1675,2.2725,2.2725,2.2725,2.2725,9.49,
Bulgaria,BG,3.52,4.84,4.84,4.84,2.35,2.35,2.35,2.35,10.7175,10.7175,10.7175,10.7175,3.2875,3.2875,3.2875,3.2875,20.06,
Burkina Faso,BF,1.75,14.52666667,14.52666667,14.52666667,5.0825,5.0825,5.0825,5.0825,7.34,7.34,7.34,7.34,0.8925,0.8925,0.8925,0.8925,3.16,
Burundi,BI,2.68,14.61,14.61,14.61,4.94,4.94,4.94,4.94,7.295,7.295,7.295,7.295,1.0425,1.0425,1.0425,1.0425,3.06,
Cambodia,KH,2.14,10.06,10.06,10.06,4.32,4.32,4.32,4.32,10.3775,10.3775,10.3775,10.3775,1.61,1.61,1.61,1.61,4.59,
Cameroon,CM,2.05,14.11333333,14.11333333,14.11333333,5.01,5.01,5.01,5.01,7.66,7.66,7.66,7.66,0.9675,0.9675,0.9675,0.9675,3.11,
Canada,CA,2.76,5.33,5.33,5.33,2.785,2.785,2.785,2.785,9.9525,9.9525,9.9525,9.9525,3.52,3.52,3.52,3.52,18.98,
Cape Verde,CV,1.37,8.443333333,8.443333333,8.443333333,3.855,3.855,3.855,3.855,10.1675,10.1675,10.1675,10.1675,2.2725,2.2725,2.2725,2.2725,9.49,
Cayman Islands,KY,2.68,5.916666667,5.916666667,5.916666667,2.965,2.965,2.965,2.965,10.3425,10.3425,10.3425,10.3425,3.695,3.695,3.695,3.695,14.24,
Central African Republic,CF,2.68,13.16333333,13.16333333,13.16333333,4.9725,4.9725,4.9725,4.9725,8.2375,8.2375,8.2375,8.2375,1.08,1.08,1.08,1.08,3.35,
Chad,TD,2.68,15.81,15.81,15.81,4.9425,4.9425,4.9425,4.9425,6.785,6.785,6.785,6.785,0.81,0.81,0.81,0.81,2.43,
Chile,CL,2.25,6.596666667,6.596666667,6.596666667,3.46,3.46,3.46,3.46,10.645,10.645,10.645,10.645,2.995,2.995,2.995,2.995,11.81,
China,CN,2.44,5.763333333,5.763333333,5.763333333,2.87,2.87,2.87,2.87,11.7025,11.7025,11.7025,11.7025,3.02,3.02,3.02,3.02,12.34,
Christmas Island,CX,2.68,4.263333333,4.263333333,4.263333333,3.05,3.05,3.05,3.05,14.4775,14.4775,14.4775,14.4775,2.915,2.915,2.915,2.915,5.44,
Cocos (Keeling) Islands,CC,2.68,8.443333333,8.443333333,8.443333333,3.855,3.855,3.855,3.855,10.1675,10.1675,10.1675,10.1675,2.2725,2.2725,2.2725,2.2725,9.49,
Colombia,CO,1.99,7.756666667,7.756666667,7.756666667,4.095,4.095,4.095,4.095,10.51,10.51,10.51,10.51,2.4825,2.4825,2.4825,2.4825,8.39,
Comoros,KM,2.68,12.22666667,12.22666667,12.22666667,5.1875,5.1875,5.1875,5.1875,8.4975,8.4975,8.4975,8.4975,1.1225,1.1225,1.1225,1.1225,4.08,
Congo,CG,1.65,15.46,15.46,15.46,4.855,4.855,4.855,4.855,7.095,7.095,7.095,7.095,0.84,0.84,0.84,0.84,2.47,
Congo the Democratic Republic of the,CD,1.65,8.443333333,8.443333333,8.443333333,3.855,3.855,3.855,3.855,10.1675,10.1675,10.1675,10.1675,2.2725,2.2725,2.2725,2.2725,9.49,
Cook Islands,CK,2.68,6.643333333,6.643333333,6.643333333,3.7225,3.7225,3.7225,3.7225,9.415,9.415,9.415,9.415,3.5375,3.5375,3.5375,3.5375,13.37,
Costa Rica,CR,1.96,7.36,7.36,7.36,3.7975,3.7975,3.7975,3.7975,10.995,10.995,10.995,10.995,2.4975,2.4975,2.4975,2.4975,8.76,
C??te d'Ivoire,CI,2.68,8.443333333,8.443333333,8.443333333,3.855,3.855,3.855,3.855,10.1675,10.1675,10.1675,10.1675,2.2725,2.2725,2.2725,2.2725,9.49,
Croatia,HR,3.15,4.72,4.72,4.72,2.69,2.69,2.69,2.69,9.9425,9.9425,9.9425,9.9425,3.56,3.56,3.56,3.56,21.06,
Cuba,CU,2.68,5.446666667,5.446666667,5.446666667,2.9525,2.9525,2.9525,2.9525,10.4875,10.4875,10.4875,10.4875,3.5275,3.5275,3.5275,3.5275,15.8,
Curacao,CW,2.68,6.56,6.56,6.56,3.345,3.345,3.345,3.345,9.1375,9.1375,9.1375,9.1375,3.47,3.47,3.47,3.47,16.52,
Cyprus,CY,2.58,5.23,5.23,5.23,3.0725,3.0725,3.0725,3.0725,11.78,11.78,11.78,11.78,2.98,2.98,2.98,2.98,12.97,
Czechia,CZ,3.19,5.056666667,5.056666667,5.056666667,2.3,2.3,2.3,2.3,10.8225,10.8225,10.8225,10.8225,3.03,3.03,3.03,3.03,20.23,
Denmark,DK,3.18,5.473333333,5.473333333,5.473333333,3.0825,3.0825,3.0825,3.0825,9.6775,9.6775,9.6775,9.6775,3.1575,3.1575,3.1575,3.1575,19.91,
Djibouti,DJ,2.68,9.99,9.99,9.99,5.08,5.08,5.08,5.08,10.1825,10.1825,10.1825,10.1825,1.2525,1.2525,1.2525,1.2525,3.97,
Dominica,DM,2.68,7.136666667,7.136666667,7.136666667,3.2875,3.2875,3.2875,3.2875,10.6975,10.6975,10.6975,10.6975,2.6325,2.6325,2.6325,2.6325,12.12,
Dominican Republic,DO,1.85,8.95,8.95,8.95,4.5375,4.5375,4.5375,4.5375,10.135,10.135,10.135,10.135,2.0425,2.0425,2.0425,2.0425,6.29,
Ecuador,EC,1.87,8.606666667,8.606666667,8.606666667,4.45,4.45,4.45,4.45,10.0775,10.0775,10.0775,10.0775,1.98,1.98,1.98,1.98,8.15,
Egypt,EG,1.43,11.20666667,11.20666667,11.20666667,4.5025,4.5025,4.5025,4.5025,9.4625,9.4625,9.4625,9.4625,1.52,1.52,1.52,1.52,4.44,
El Salvador,SV,1.81,8.61,8.61,8.61,4.705,4.705,4.705,4.705,10.1275,10.1275,10.1275,10.1275,1.8075,1.8075,1.8075,1.8075,7.6,
Equatorial Guinea,GQ,2.68,12.91,12.91,12.91,4.985,4.985,4.985,4.985,8.18,8.18,8.18,8.18,1.1725,1.1725,1.1725,1.1725,3.92,
Eritrea,ER,2.68,12.74333333,12.74333333,12.74333333,5.14,5.14,5.14,5.14,8.355,8.355,8.355,8.355,0.95,0.95,0.95,0.95,4,
Estonia,EE,3.26,5.406666667,5.406666667,5.406666667,2.215,2.215,2.215,2.215,10.085,10.085,10.085,10.085,3.395,3.395,3.395,3.395,21,
Ethiopia,ET,2.06,13.27,13.27,13.27,4.8675,4.8675,4.8675,4.8675,8.23,8.23,8.23,8.23,1.105,1.105,1.105,1.105,3.38,
Falkland Islands (Malvinas),FK,2.68,8.443333333,8.443333333,8.443333333,3.855,3.855,3.855,3.855,10.1675,10.1675,10.1675,10.1675,2.2725,2.2725,2.2725,2.2725,9.49,
Faroe Islands,FO,2.68,6.563333333,6.563333333,6.563333333,3.4725,3.4725,3.4725,3.4725,9.2525,9.2525,9.2525,9.2525,3,3,3,3,17.41,
Fiji,FJ,1.65,8.953333333,8.953333333,8.953333333,3.8775,3.8775,3.8775,3.8775,10.2625,10.2625,10.2625,10.2625,2.3125,2.3125,2.3125,2.3125,7.34,
Finland,FI,3.64,5.47,5.47,5.47,2.7375,2.7375,2.7375,2.7375,9.3425,9.3425,9.3425,9.3425,3.255,3.255,3.255,3.255,22.26,
France,FR,2.7,6.12,6.12,6.12,2.97,2.97,2.97,2.97,9.2075,9.2075,9.2075,9.2075,3.1175,3.1175,3.1175,3.1175,20.46,
French Guiana,GF,2.68,8.443333333,8.443333333,8.443333333,3.855,3.855,3.855,3.855,10.1675,10.1675,10.1675,10.1675,2.2725,2.2725,2.2725,2.2725,9.49,
French Polynesia,PF,2.68,7.23,7.23,7.23,3.68,3.68,3.68,3.68,11.06,11.06,11.06,11.06,2.5775,2.5775,2.5775,2.5775,9.04,
French Southern Territories,TF,2.68,8.443333333,8.443333333,8.443333333,3.855,3.855,3.855,3.855,10.1675,10.1675,10.1675,10.1675,2.2725,2.2725,2.2725,2.2725,9.49,
Gabon,GA,2.68,12.15,12.15,12.15,5.475,5.475,5.475,5.475,8.12,8.12,8.12,8.12,1.2975,1.2975,1.2975,1.2975,3.98,
Gambia,GM,2.68,11.98666667,11.98666667,11.98666667,5.0225,5.0225,5.0225,5.0225,8.9625,8.9625,8.9625,8.9625,1.1,1.1,1.1,1.1,3.69,
Georgia,GE,2.85,6.14,6.14,6.14,2.725,2.725,2.725,2.725,10.1475,10.1475,10.1475,10.1475,3.31,3.31,3.31,3.31,16.85,
Germany,DE,1.99,4.296666667,4.296666667,4.296666667,2.4525,2.4525,2.4525,2.4525,9.645,9.645,9.645,9.645,3.935,3.935,3.935,3.935,22.99,
Ghana,GH,2.04,12.48,12.48,12.48,4.66,4.66,4.66,4.66,8.5675,8.5675,8.5675,8.5675,1.3025,1.3025,1.3025,1.3025,4.44,
Gibraltar,GI,2.68,6.746666667,6.746666667,6.746666667,3.2675,3.2675,3.2675,3.2675,10.32,10.32,10.32,10.32,2.1775,2.1775,2.1775,2.1775,16.7,
Greece,GR,3.14,4.843333333,4.843333333,4.843333333,2.585,2.585,2.585,2.585,9.9,9.9,9.9,9.9,3.275,3.275,3.275,3.275,22.43,
Greenland,GL,2.68,6.94,6.94,6.94,3.6125,3.6125,3.6125,3.6125,9.93,9.93,9.93,9.93,3.665,3.665,3.665,3.665,10.36,
Grenada,GD,2.68,7.743333333,7.743333333,7.743333333,3.535,3.535,3.535,3.535,10.0125,10.0125,10.0125,10.0125,2.9225,2.9225,2.9225,2.9225,10.89,
Guadeloupe,GP,2.68,8.443333333,8.443333333,8.443333333,3.855,3.855,3.855,3.855,10.1675,10.1675,10.1675,10.1675,2.2725,2.2725,2.2725,2.2725,9.49,
Guam,GU,2.68,9.073333333,9.073333333,9.073333333,4.02,4.02,4.02,4.02,9.1625,9.1625,9.1625,9.1625,2.625,2.625,2.625,2.625,9.54,
Guatemala,GT,1.46,11.22666667,11.22666667,11.22666667,4.94,4.94,4.94,4.94,9.1125,9.1125,9.1125,9.1125,1.3525,1.3525,1.3525,1.3525,4.7,
Guernsey,GG,2.68,4.833333333,4.833333333,4.833333333,2.645,2.645,2.645,2.645,10.1825,10.1825,10.1825,10.1825,3.49,3.49,3.49,3.49,20.23,
Guinea,GN,1.89,13.73333333,13.73333333,13.73333333,4.83,4.83,4.83,4.83,7.7125,7.7125,7.7125,7.7125,1.1825,1.1825,1.1825,1.1825,3.91,
Guinea-Bissau,GW,2.68,14.39,14.39,14.39,5.095,5.095,5.095,5.095,7.56,7.56,7.56,7.56,0.78,0.78,0.78,0.78,3.08,
Guyana,GY,1.69,7.97,7.97,7.97,5.3075,5.3075,5.3075,5.3075,9.87,9.87,9.87,9.87,2.0925,2.0925,2.0925,2.0925,7.01,
Haiti,HT,1.99,10.40333333,10.40333333,10.40333333,5.1775,5.1775,5.1775,5.1775,9.6125,9.6125,9.6125,9.6125,1.325,1.325,1.325,1.325,4.33,
Heard Island and McDonald Islands,HM,2.68,8.443333333,8.443333333,8.443333333,3.855,3.855,3.855,3.855,10.1675,10.1675,10.1675,10.1675,2.2725,2.2725,2.2725,2.2725,9.49,
Holy See (Vatican City State),VA,2.68,8.443333333,8.443333333,8.443333333,3.855,3.855,3.855,3.855,10.1675,10.1675,10.1675,10.1675,2.2725,2.2725,2.2725,2.2725,9.49,
Honduras,HN,1.66,10.06666667,10.06666667,10.06666667,5.2575,5.2575,5.2575,5.2575,9.4475,9.4475,9.4475,9.4475,1.395,1.395,1.395,1.395,5.4,
China Hong Kong,HK,2.75,8.443333333,8.443333333,8.443333333,3.855,3.855,3.855,3.855,10.1675,10.1675,10.1675,10.1675,2.2725,2.2725,2.2725,2.2725,9.49,
Hungary,HU,3.09,4.846666667,4.846666667,4.846666667,2.6075,2.6075,2.6075,2.6075,10.5425,10.5425,10.5425,10.5425,3.0425,3.0425,3.0425,3.0425,20.69,
Iceland,IS,2.68,6.77,6.77,6.77,3.2125,3.2125,3.2125,3.2125,9.86,9.86,9.86,9.86,2.985,2.985,2.985,2.985,15.47,
India,IN,1.73,8.77,8.77,8.77,4.3775,4.3775,4.3775,4.3775,10.39,10.39,10.39,10.39,1.9775,1.9775,1.9775,1.9775,6.72,
Indonesia,ID,2.02,7.956666667,7.956666667,7.956666667,4.19,4.19,4.19,4.19,10.64,10.64,10.64,10.64,2.2475,2.2475,2.2475,2.2475,7.82,
Iran,IR,1.53,8.036666667,8.036666667,8.036666667,3.34,3.34,3.34,3.34,12.235,12.235,12.235,12.235,1.93,1.93,1.93,1.93,5.87,
Iraq,IQ,1.79,12.34,12.34,12.34,4.9575,4.9575,4.9575,4.9575,8.8975,8.8975,8.8975,8.8975,1.0575,1.0575,1.0575,1.0575,3.33,
Ireland,IE,2.27,7.05,7.05,7.05,3.02,3.02,3.02,3.02,10.5475,10.5475,10.5475,10.5475,2.6925,2.6925,2.6925,2.6925,13.82,
Isle of Man,IM,2.68,5.426666667,5.426666667,5.426666667,2.755,2.755,2.755,2.755,9.45,9.45,9.45,9.45,3.455,3.455,3.455,3.455,21.08,
Israel,IL,2.09,8.92,8.92,8.92,3.9175,3.9175,3.9175,3.9175,9.3,9.3,9.3,9.3,2.1,2.1,2.1,2.1,11.96,
Italy,IT,4.18,4.483333333,4.483333333,4.483333333,2.4025,2.4025,2.4025,2.4025,10.215,10.215,10.215,10.215,3.5,3.5,3.5,3.5,22.08,
Jamaica,JM,1.91,8.4,8.4,8.4,4.4875,4.4875,4.4875,4.4875,9.515,9.515,9.515,9.515,2.4075,2.4075,2.4075,2.4075,9.17,
Japan,JP,4.13,4.163333333,4.163333333,4.163333333,2.3675,2.3675,2.3675,2.3675,9.2,9.2,9.2,9.2,3.015,3.015,3.015,3.015,29.18,
Jersey,JE,2.68,5.543333333,5.543333333,5.543333333,3.245,3.245,3.245,3.245,10.03,10.03,10.03,10.03,3.305,3.305,3.305,3.305,17.05,
Jordan,JO,1.21,11.01666667,11.01666667,11.01666667,4.9425,4.9425,4.9425,4.9425,9.5975,9.5975,9.5975,9.5975,1.2775,1.2775,1.2775,1.2775,3.67,
Kazakhstan,KZ,2.26,8.71,8.71,8.71,3.2425,3.2425,3.2425,3.2425,10.5575,10.5575,10.5575,10.5575,2.5625,2.5625,2.5625,2.5625,8.43,
Kenya,KE,1.66,12.90333333,12.90333333,12.90333333,5.1125,5.1125,5.1125,5.1125,8.4375,8.4375,8.4375,8.4375,1.0025,1.0025,1.0025,1.0025,3.07,
Kiribati,KI,1.47,9.49,9.49,9.49,5.06,5.06,5.06,5.06,10.0125,10.0125,10.0125,10.0125,1.6625,1.6625,1.6625,1.6625,4.59,
North Korea,KP,2.68,8.443333333,8.443333333,8.443333333,3.855,3.855,3.855,3.855,10.1675,10.1675,10.1675,10.1675,2.2725,2.2725,2.2725,2.2725,9.49,
Kosovo,XK,2.68,8.023333333,8.023333333,8.023333333,4.2375,4.2375,4.2375,4.2375,10.64,10.64,10.64,10.64,2.1675,2.1675,2.1675,2.1675,7.75,
Korea,KR,2.68,6.823333333,6.823333333,6.823333333,3.67,3.67,3.67,3.67,11,11,11,11,2.8,2.8,2.8,2.8,9.65,
Kuwait,KW,2.3,8.096666667,8.096666667,8.096666667,3.74,3.74,3.74,3.74,13.0975,13.0975,13.0975,13.0975,1.3575,1.3575,1.3575,1.3575,2.92,
Kyrgyzstan,KG,1.74,10.13,10.13,10.13,3.925,3.925,3.925,3.925,10.005,10.005,10.005,10.005,2.0225,2.0225,2.0225,2.0225,5.8,
Lao People's Democratic Republic,LA,1.6,8.443333333,8.443333333,8.443333333,3.855,3.855,3.855,3.855,10.1675,10.1675,10.1675,10.1675,2.2725,2.2725,2.2725,2.2725,9.49,
Latvia,LV,3.13,5.106666667,5.106666667,5.106666667,2.25,2.25,2.25,2.25,10.1025,10.1025,10.1025,10.1025,3.6925,3.6925,3.6925,3.6925,20.5,
Lebanon,LB,1.72,6.916666667,6.916666667,6.916666667,3.745,3.745,3.745,3.745,11.6725,11.6725,11.6725,11.6725,2.405,2.405,2.405,2.405,7.96,
Lesotho,LS,1.82,10.43333333,10.43333333,10.43333333,4.815,4.815,4.815,4.815,9.715,9.715,9.715,9.715,1.245,1.245,1.245,1.245,5.6,
Liberia,LR,1.64,14.45,14.45,14.45,5.0875,5.0875,5.0875,5.0875,7.5025,7.5025,7.5025,7.5025,0.865,0.865,0.865,0.865,2.83,
Libya,LY,2.68,11.21666667,11.21666667,11.21666667,3.8025,3.8025,3.8025,3.8025,10.3925,10.3925,10.3925,10.3925,1.38,1.38,1.38,1.38,4.04,
Liechtenstein,LI,2.68,5.066666667,5.066666667,5.066666667,2.8225,2.8225,2.8225,2.8225,10.055,10.055,10.055,10.055,3.6025,3.6025,3.6025,3.6025,18.88,
Lithuania,LT,2.73,5.086666667,5.086666667,5.086666667,2.5575,2.5575,2.5575,2.5575,9.74,9.74,9.74,9.74,3.775,3.775,3.775,3.775,20.45,
Luxembourg,LU,3.79,5.576666667,5.576666667,5.576666667,2.945,2.945,2.945,2.945,10.9825,10.9825,10.9825,10.9825,3.0475,3.0475,3.0475,3.0475,15.37,
China Macao,MO,2.68,8.443333333,8.443333333,8.443333333,3.855,3.855,3.855,3.855,10.1675,10.1675,10.1675,10.1675,2.2725,2.2725,2.2725,2.2725,9.49,
Macedonia,MK,2.47,8.443333333,8.443333333,8.443333333,3.855,3.855,3.855,3.855,10.1675,10.1675,10.1675,10.1675,2.2725,2.2725,2.2725,2.2725,9.49,
Madagascar,MG,2.68,12.95333333,12.95333333,12.95333333,5.015,5.015,5.015,5.015,8.255,8.255,8.255,8.255,1.15,1.15,1.15,1.15,3.47,
Malawi,MW,2.68,15.29,15.29,15.29,5.1275,5.1275,5.1275,5.1275,6.99,6.99,6.99,6.99,0.745,0.745,0.745,0.745,2.68,
Malaysia,MY,2,8.933333333,8.933333333,8.933333333,4.1575,4.1575,4.1575,4.1575,10.215,10.215,10.215,10.215,2.2025,2.2025,2.2025,2.2025,6.9,
Maldives,MV,1.73,7.376666667,7.376666667,7.376666667,4.31,4.31,4.31,4.31,12.2275,12.2275,12.2275,12.2275,1.7275,1.7275,1.7275,1.7275,4.81,
Mali,ML,2.68,15.89666667,15.89666667,15.89666667,4.75,4.75,4.75,4.75,6.6525,6.6525,6.6525,6.6525,0.92,0.92,0.92,0.92,3.02,
Malta,MT,3.08,4.793333333,4.793333333,4.793333333,2.5825,2.5825,2.5825,2.5825,10.275,10.275,10.275,10.275,3.22,3.22,3.22,3.22,21.3,
Marshall Islands,MH,2.68,10.98,10.98,10.98,4.7725,4.7725,4.7725,4.7725,9.3375,9.3375,9.3375,9.3375,1.48,1.48,1.48,1.48,4.7,
Martinique,MQ,2.68,8.443333333,8.443333333,8.443333333,3.855,3.855,3.855,3.855,10.1675,10.1675,10.1675,10.1675,2.2725,2.2725,2.2725,2.2725,9.49,
Mauritania,MR,1.39,12.52,12.52,12.52,4.9275,4.9275,4.9275,4.9275,8.4775,8.4775,8.4775,8.4775,1.225,1.225,1.225,1.225,3.92,
Mauritius,MU,2.1,6.48,6.48,6.48,3.515,3.515,3.515,3.515,10.7775,10.7775,10.7775,10.7775,3.0775,3.0775,3.0775,3.0775,11.08,
Mayotte,YT,2.68,8.443333333,8.443333333,8.443333333,3.855,3.855,3.855,3.855,10.1675,10.1675,10.1675,10.1675,2.2725,2.2725,2.2725,2.2725,9.49,
Mexico,MX,1.8,8.67,8.67,8.67,4.2425,4.2425,4.2425,4.2425,10.265,10.265,10.265,10.265,2.0725,2.0725,2.0725,2.0725,7.67,
Micronesia,FM,2.68,9.626666667,9.626666667,9.626666667,4.735,4.735,4.735,4.735,10.08,10.08,10.08,10.08,1.81,1.81,1.81,1.81,4.62,
Moldova,MD,2.68,6.103333333,6.103333333,6.103333333,2.8175,2.8175,2.8175,2.8175,10.7825,10.7825,10.7825,10.7825,3.315,3.315,3.315,3.315,14.03,
Monaco,MC,6.95,3.136666667,3.136666667,3.136666667,2.38,2.38,2.38,2.38,7.615,7.615,7.615,7.615,3.8675,3.8675,3.8675,3.8675,35.15,
Mongolia,MN,1.79,8.986666667,8.986666667,8.986666667,3.7325,3.7325,3.7325,3.7325,11.3225,11.3225,11.3225,11.3225,2.01,2.01,2.01,2.01,4.78,
Montenegro,ME,2.48,6.046666667,6.046666667,6.046666667,3.195,3.195,3.195,3.195,9.9125,9.9125,9.9125,9.9125,3.3525,3.3525,3.3525,3.3525,16.02,
Montserrat,MS,2.68,5.34,5.34,5.34,5.1375,5.1375,5.1375,5.1375,11.7725,11.7725,11.7725,11.7725,2.4475,2.4475,2.4475,2.4475,6.55,
Morocco,MA,1.66,9.013333333,9.013333333,9.013333333,4.1375,4.1375,4.1375,4.1375,10.16,10.16,10.16,10.16,2.1675,2.1675,2.1675,2.1675,7.11,
Mozambique,MZ,1.88,15.19,15.19,15.19,4.9775,4.9775,4.9775,4.9775,7.07,7.07,7.07,7.07,0.8275,0.8275,0.8275,0.8275,2.93,
Myanmar,MM,2.68,8.443333333,8.443333333,8.443333333,3.855,3.855,3.855,3.855,10.1675,10.1675,10.1675,10.1675,2.2725,2.2725,2.2725,2.2725,9.49,
Namibia,NA,1.96,11.89333333,11.89333333,11.89333333,5.0675,5.0675,5.0675,5.0675,8.8675,8.8675,8.8675,8.8675,1.17,1.17,1.17,1.17,3.9,
Nauru,NR,2.68,10.29,10.29,10.29,4.0875,4.0875,4.0875,4.0875,10.6425,10.6425,10.6425,10.6425,1.68,1.68,1.68,1.68,3.48,
Nepal,NP,2.18,9.453333333,9.453333333,9.453333333,5.2325,5.2325,5.2325,5.2325,9.595,9.595,9.595,9.595,1.66,1.66,1.66,1.66,5.69,
Netherlands,NL,3.44,5.37,5.37,5.37,2.9775,2.9775,2.9775,2.9775,9.6175,9.6175,9.6175,9.6175,3.4225,3.4225,3.4225,3.4225,19.82,
New Caledonia,NC,2.68,7.246666667,7.246666667,7.246666667,3.9075,3.9075,3.9075,3.9075,10.9325,10.9325,10.9325,10.9325,2.265,2.265,2.265,2.265,9.84,
New Zealand,NZ,2.71,6.543333333,6.543333333,6.543333333,3.23,3.23,3.23,3.23,9.995,9.995,9.995,9.995,2.9825,2.9825,2.9825,2.9825,15.54,
Nicaragua,NI,1.64,8.543333333,8.543333333,8.543333333,4.8775,4.8775,4.8775,4.8775,10.6025,10.6025,10.6025,10.6025,1.6575,1.6575,1.6575,1.6575,5.82,
Niger,NE,1.5,16.86,16.86,16.86,4.9975,4.9975,4.9975,4.9975,5.8925,5.8925,5.8925,5.8925,0.7925,0.7925,0.7925,0.7925,2.68,
Nigeria,NG,1.69,13.9,13.9,13.9,5.0675,5.0675,5.0675,5.0675,7.65,7.65,7.65,7.65,1.0325,1.0325,1.0325,1.0325,3.3,
Niue,NU,2.68,8.443333333,8.443333333,8.443333333,3.855,3.855,3.855,3.855,10.1675,10.1675,10.1675,10.1675,2.2725,2.2725,2.2725,2.2725,9.49,
Norfolk Island,NF,2.68,8.443333333,8.443333333,8.443333333,3.855,3.855,3.855,3.855,10.1675,10.1675,10.1675,10.1675,2.2725,2.2725,2.2725,2.2725,9.49,
Northern Mariana Islands,MP,2.68,8.34,8.34,8.34,4.07,4.07,4.07,4.07,9.36,9.36,9.36,9.36,3.5025,3.5025,3.5025,3.5025,7.23,
Norway,NO,2.68,5.986666667,5.986666667,5.986666667,3.005,3.005,3.005,3.005,10.1875,10.1875,10.1875,10.1875,2.96,2.96,2.96,2.96,17.43,
Oman,OM,1.97,10.05,10.05,10.05,4.3375,4.3375,4.3375,4.3375,11.2025,11.2025,11.2025,11.2025,1.005,1.005,1.005,1.005,3.68,
Pakistan,PK,1.36,12.00333333,12.00333333,12.00333333,4.825,4.825,4.825,4.825,8.675,8.675,8.675,8.675,1.3875,1.3875,1.3875,1.3875,4.44,
Palau,PW,2.68,6.226666667,6.226666667,6.226666667,3.965,3.965,3.965,3.965,11.3325,11.3325,11.3325,11.3325,2.67,2.67,2.67,2.67,9.45,
Palestine State of,PS,2.68,8.443333333,8.443333333,8.443333333,3.855,3.855,3.855,3.855,10.1675,10.1675,10.1675,10.1675,2.2725,2.2725,2.2725,2.2725,9.49,
Panama,PA,1.82,8.52,8.52,8.52,4.1475,4.1475,4.1475,4.1475,10.0775,10.0775,10.0775,10.0775,2.135,2.135,2.135,2.135,9.01,
Papua New Guinea,PG,2.68,10.66,10.66,10.66,4.9675,4.9675,4.9675,4.9675,9.42,9.42,9.42,9.42,1.4575,1.4575,1.4575,1.4575,4.64,
Paraguay,PY,1.89,7.803333333,7.803333333,7.803333333,4.4275,4.4275,4.4275,4.4275,10.6575,10.6575,10.6575,10.6575,2.0925,2.0925,2.0925,2.0925,7.88,
Peru,PE,2.13,8.476666667,8.476666667,8.476666667,4.3025,4.3025,4.3025,4.3025,10.2575,10.2575,10.2575,10.2575,2.07,2.07,2.07,2.07,8.05,
Philippines,PH,1.85,10.80666667,10.80666667,10.80666667,4.79,4.79,4.79,4.79,9.3425,9.3425,9.3425,9.3425,1.545,1.545,1.545,1.545,4.86,
Pitcairn,PN,2.68,8.443333333,8.443333333,8.443333333,3.855,3.855,3.855,3.855,10.1675,10.1675,10.1675,10.1675,2.2725,2.2725,2.2725,2.2725,9.49,
Poland,PL,3.99,4.943333333,4.943333333,4.943333333,2.45,2.45,2.45,2.45,10.8325,10.8325,10.8325,10.8325,3.33,3.33,3.33,3.33,18.72,
Portugal,PT,3.11,4.526666667,4.526666667,4.526666667,2.735,2.735,2.735,2.735,10.3725,10.3725,10.3725,10.3725,3.27,3.27,3.27,3.27,20.92,
Puerto Rico,PR,2.68,4.74,4.74,4.74,3.195,3.195,3.195,3.195,9.4325,9.4325,9.4325,9.4325,3.375,3.375,3.375,3.375,21.77,
Qatar,QA,3.13,4.28,4.28,4.28,2.945,2.945,2.945,2.945,17.665,17.665,17.665,17.665,0.8825,0.8825,0.8825,0.8825,1.19,
Reunion,RE,2.68,8.443333333,8.443333333,8.443333333,3.855,3.855,3.855,3.855,10.1675,10.1675,10.1675,10.1675,2.2725,2.2725,2.2725,2.2725,9.49,
Romania,RO,2.7,4.706666667,4.706666667,4.706666667,2.5775,2.5775,2.5775,2.5775,11.565,11.565,11.565,11.565,2.9325,2.9325,2.9325,2.9325,17.58,
Russian Federation,RU,2.72,8.443333333,8.443333333,8.443333333,3.855,3.855,3.855,3.855,10.1675,10.1675,10.1675,10.1675,2.2725,2.2725,2.2725,2.2725,9.49,
Rwanda,RW,2.06,13.31666667,13.31666667,13.31666667,5.025,5.025,5.025,5.025,8.265,8.265,8.265,8.265,1.06,1.06,1.06,1.06,2.65,
Saint Barth??lemy,BL,2.68,8.443333333,8.443333333,8.443333333,3.855,3.855,3.855,3.855,10.1675,10.1675,10.1675,10.1675,2.2725,2.2725,2.2725,2.2725,9.49,
Saint Helena Ascension and Tristan da Cunha,SH,2.68,8.443333333,8.443333333,8.443333333,3.855,3.855,3.855,3.855,10.1675,10.1675,10.1675,10.1675,2.2725,2.2725,2.2725,2.2725,9.49,
Saint Kitts and Nevis,KN,2.68,6.623333333,6.623333333,6.623333333,3.365,3.365,3.365,3.365,10.91,10.91,10.91,10.91,3.2575,3.2575,3.2575,3.2575,10,
Saint Lucia,LC,1.89,6.413333333,6.413333333,6.413333333,3.4,3.4,3.4,3.4,10.7075,10.7075,10.7075,10.7075,2.8075,2.8075,2.8075,2.8075,13.1,
Saint Martin (French part),MF,2.68,8.443333333,8.443333333,8.443333333,3.855,3.855,3.855,3.855,10.1675,10.1675,10.1675,10.1675,2.2725,2.2725,2.2725,2.2725,9.49,
Saint Pierre and Miquelon,PM,2.68,4.77,4.77,4.77,2.2075,2.2075,2.2075,2.2075,10,10,10,10,3.6225,3.6225,3.6225,3.6225,22.37,
Saint Vincent and the Grenadines,VC,2.68,6.716666667,6.716666667,6.716666667,3.7075,3.7075,3.7075,3.7075,10.6575,10.6575,10.6575,10.6575,2.92,2.92,2.92,2.92,10.72,
Samoa,WS,1.08,9.77,9.77,9.77,4.9025,4.9025,4.9025,4.9025,9.35,9.35,9.35,9.35,1.875,1.875,1.875,1.875,6.18,
San Marino,SM,2.68,4.91,4.91,4.91,2.91,2.91,2.91,2.91,9.78,9.78,9.78,9.78,3.57,3.57,3.57,3.57,20.24,
Sao Tome and Principe,ST,1,13.25666667,13.25666667,13.25666667,5.3975,5.3975,5.3975,5.3975,7.9025,7.9025,7.9025,7.9025,1.0425,1.0425,1.0425,1.0425,2.87,
Saudi Arabia,SA,1.74,8.28,8.28,8.28,3.845,3.845,3.845,3.845,12.55,12.55,12.55,12.55,1.4875,1.4875,1.4875,1.4875,3.63,
Senegal,SN,1.45,13.46,13.46,13.46,5.0875,5.0875,5.0875,5.0875,7.9875,7.9875,7.9875,7.9875,1.0525,1.0525,1.0525,1.0525,3.1,
Serbia,RS,3.36,4.69,4.69,4.69,2.76,2.76,2.76,2.76,10.2975,10.2975,10.2975,10.2975,3.425,3.425,3.425,3.425,20,
Seychelles,SC,2.15,6.283333333,6.283333333,6.283333333,3.0975,3.0975,3.0975,3.0975,12.2575,12.2575,12.2575,12.2575,2.865,2.865,2.865,2.865,8.27,
Sierra Leone,SL,1.93,13.79333333,13.79333333,13.79333333,4.7075,4.7075,4.7075,4.7075,8.0525,8.0525,8.0525,8.0525,0.9725,0.9725,0.9725,0.9725,3.7,
Singapore,SG,2.68,4.266666667,4.266666667,4.266666667,3.7525,3.7525,3.7525,3.7525,12.6825,12.6825,12.6825,12.6825,2.645,2.645,2.645,2.645,10.89,
Sint Maarten (Dutch part),SX,2.68,8.443333333,8.443333333,8.443333333,3.855,3.855,3.855,3.855,10.1675,10.1675,10.1675,10.1675,2.2725,2.2725,2.2725,2.2725,9.49,
Slovakia,SK,2.68,5.043333333,5.043333333,5.043333333,2.515,2.515,2.515,2.515,11.1525,11.1525,11.1525,11.1525,3.2875,3.2875,3.2875,3.2875,17.05,
Slovenia,SI,2.9,4.946666667,4.946666667,4.946666667,2.2525,2.2525,2.2525,2.2525,10.1825,10.1825,10.1825,10.1825,3.5475,3.5475,3.5475,3.5475,21.23,
Solomon Islands,SB,1.53,10.99666667,10.99666667,10.99666667,4.955,4.955,4.955,4.955,9.41,9.41,9.41,9.41,1.26,1.26,1.26,1.26,4.51,
Somalia,SO,2.68,14.12666667,14.12666667,14.12666667,4.9525,4.9525,4.9525,4.9525,7.7325,7.7325,7.7325,7.7325,1.1525,1.1525,1.1525,1.1525,2.27,
South Africa,ZA,1.76,9.313333333,9.313333333,9.313333333,4.2,4.2,4.2,4.2,10.5925,10.5925,10.5925,10.5925,1.7,1.7,1.7,1.7,6.09,
South Georgia and the South Sandwich Islands,GS,2.68,8.443333333,8.443333333,8.443333333,3.855,3.855,3.855,3.855,10.1675,10.1675,10.1675,10.1675,2.2725,2.2725,2.2725,2.2725,9.49,
South Sudan,SS,2.68,13.86,13.86,13.86,5.32,5.32,5.32,5.32,7.6675,7.6675,7.6675,7.6675,0.9825,0.9825,0.9825,0.9825,2.53,
Spain,ES,2.79,5.006666667,5.006666667,5.006666667,2.475,2.475,2.475,2.475,10.9025,10.9025,10.9025,10.9025,3.2475,3.2475,3.2475,3.2475,18.49,
Sri Lanka,LK,1.75,7.703333333,7.703333333,7.703333333,3.645,3.645,3.645,3.645,10.3,10.3,10.3,10.3,2.62,2.62,2.62,2.62,10.63,
Sudan,SD,2.68,14.00333333,14.00333333,14.00333333,5.235,5.235,5.235,5.235,7.4725,7.4725,7.4725,7.4725,1.0325,1.0325,1.0325,1.0325,3.03,
Suriname,SR,1.95,7.793333333,7.793333333,7.793333333,4.3,4.3,4.3,4.3,11.0225,11.0225,11.0225,11.0225,2.195,2.195,2.195,2.195,6.55,
Svalbard and Jan Mayen,SJ,2.68,8.443333333,8.443333333,8.443333333,3.855,3.855,3.855,3.855,10.1675,10.1675,10.1675,10.1675,2.2725,2.2725,2.2725,2.2725,9.49,
Swaziland,SZ,2.68,8.443333333,8.443333333,8.443333333,3.855,3.855,3.855,3.855,10.1675,10.1675,10.1675,10.1675,2.2725,2.2725,2.2725,2.2725,9.49,
Sweden,SE,3.21,5.903333333,5.903333333,5.903333333,2.7,2.7,2.7,2.7,9.7525,9.7525,9.7525,9.7525,2.975,2.975,2.975,2.975,20.59,
Switzerland,CH,3.05,5.113333333,5.113333333,5.113333333,2.5975,2.5975,2.5975,2.5975,10.5125,10.5125,10.5125,10.5125,3.37,3.37,3.37,3.37,18.73,
Syrian Arab Republic,SY,1.32,8.443333333,8.443333333,8.443333333,3.855,3.855,3.855,3.855,10.1675,10.1675,10.1675,10.1675,2.2725,2.2725,2.2725,2.2725,9.49,
China Taiwan,TW,2.32,8.443333333,8.443333333,8.443333333,3.855,3.855,3.855,3.855,10.1675,10.1675,10.1675,10.1675,2.2725,2.2725,2.2725,2.2725,9.49,
Tajikistan,TJ,1.58,10.47666667,10.47666667,10.47666667,4.5325,4.5325,4.5325,4.5325,10.145,10.145,10.145,10.145,1.5575,1.5575,1.5575,1.5575,3.63,
Tanzania,TZ,2.1,14.23333333,14.23333333,14.23333333,5.0975,5.0975,5.0975,5.0975,7.5775,7.5775,7.5775,7.5775,0.88,0.88,0.88,0.88,3.08,
Thailand,TH,2.54,5.483333333,5.483333333,5.483333333,3.255,3.255,3.255,3.255,11.4225,11.4225,11.4225,11.4225,3.2525,3.2525,3.2525,3.2525,11.82,
Timor-Leste,TL,1.39,13.32,13.32,13.32,5.08,5.08,5.08,5.08,7.61,7.61,7.61,7.61,1.305,1.305,1.305,1.305,4.06,
Togo,TG,2.68,13.24333333,13.24333333,13.24333333,4.7575,4.7575,4.7575,4.7575,8.315,8.315,8.315,8.315,1.105,1.105,1.105,1.105,3.57,
Tokelau,TK,2.68,8.443333333,8.443333333,8.443333333,3.855,3.855,3.855,3.855,10.1675,10.1675,10.1675,10.1675,2.2725,2.2725,2.2725,2.2725,9.49,
Tonga,TO,1.27,10.66666667,10.66666667,10.66666667,4.915,4.915,4.915,4.915,8.8375,8.8375,8.8375,8.8375,1.5425,1.5425,1.5425,1.5425,6.83,
Trinidad and Tobago,TT,2.68,6.336666667,6.336666667,6.336666667,2.82,2.82,2.82,2.82,10.9425,10.9425,10.9425,10.9425,3.4575,3.4575,3.4575,3.4575,12.11,
Tunisia,TN,1.57,8.426666667,8.426666667,8.426666667,3.225,3.225,3.225,3.225,10.7125,10.7125,10.7125,10.7125,2.53,2.53,2.53,2.53,8.86,
Turkey,TR,1.71,7.803333333,7.803333333,7.803333333,3.9175,3.9175,3.9175,3.9175,10.8275,10.8275,10.8275,10.8275,2.3125,2.3125,2.3125,2.3125,8.35,
Turkmenistan,TM,2.68,8.48,8.48,8.48,4.12,4.12,4.12,4.12,11.035,11.035,11.035,11.035,2.14,2.14,2.14,2.14,5.38,
Turks and Caicos Islands,TC,2.68,7.11,7.11,7.11,3.2975,3.2975,3.2975,3.2975,13.1275,13.1275,13.1275,13.1275,1.9525,1.9525,1.9525,1.9525,5.17,
Tuvalu,TV,2.68,9.806666667,9.806666667,9.806666667,4.4025,4.4025,4.4025,4.4025,9.2925,9.2925,9.2925,9.2925,2.28,2.28,2.28,2.28,6.68,
Uganda,UG,2.04,16.07,16.07,16.07,5.0625,5.0625,5.0625,5.0625,6.56,6.56,6.56,6.56,0.7275,0.7275,0.7275,0.7275,2.38,
Ukraine,UA,3.04,5.386666667,5.386666667,5.386666667,2.32,2.32,2.32,2.32,10.915,10.915,10.915,10.915,3.4675,3.4675,3.4675,3.4675,17.03,
United Arab Emirates,AE,2.62,4.816666667,4.816666667,4.816666667,1.985,1.985,1.985,1.985,17.0075,17.0075,17.0075,17.0075,1.92,1.92,1.92,1.92,1.9,
United Kingdom,GB,2.04,5.876666667,5.876666667,5.876666667,2.8725,2.8725,2.8725,2.8725,9.9175,9.9175,9.9175,9.9175,3.1825,3.1825,3.1825,3.1825,18.48,
United States,US,2.47,6.153333333,6.153333333,6.153333333,3.2275,3.2275,3.2275,3.2275,9.73,9.73,9.73,9.73,3.215,3.215,3.215,3.215,16.85,
United States Minor Outlying Islands,UM,2.47,8.443333333,8.443333333,8.443333333,3.855,3.855,3.855,3.855,10.1675,10.1675,10.1675,10.1675,2.2725,2.2725,2.2725,2.2725,9.49,
Uruguay,UY,2.41,6.503333333,6.503333333,6.503333333,3.785,3.785,3.785,3.785,9.965,9.965,9.965,9.965,2.6975,2.6975,2.6975,2.6975,14.71,
Uzbekistan,UZ,1.22,7.73,7.73,7.73,4.1575,4.1575,4.1575,4.1575,11.42,11.42,11.42,11.42,2.1575,2.1575,2.1575,2.1575,5.87,
Vanuatu,VU,1.75,11.21666667,11.21666667,11.21666667,4.9975,4.9975,4.9975,4.9975,9.0225,9.0225,9.0225,9.0225,1.4725,1.4725,1.4725,1.4725,4.39,
Venezuela,VE,1.96,8.553333333,8.553333333,8.553333333,4.035,4.035,4.035,4.035,10.315,10.315,10.315,10.315,2.19,2.19,2.19,2.19,8.18,
Viet Nam,VN,2.41,8.443333333,8.443333333,8.443333333,3.855,3.855,3.855,3.855,10.1675,10.1675,10.1675,10.1675,2.2725,2.2725,2.2725,2.2725,9.49,
Virgin Islands British,VG,2.68,8.443333333,8.443333333,8.443333333,3.855,3.855,3.855,3.855,10.1675,10.1675,10.1675,10.1675,2.2725,2.2725,2.2725,2.2725,9.49,
Virgin Islands U.S.,VI,2.68,8.443333333,8.443333333,8.443333333,3.855,3.855,3.855,3.855,10.1675,10.1675,10.1675,10.1675,2.2725,2.2725,2.2725,2.2725,9.49,
Wallis and Futuna,WF,2.68,6.86,6.86,6.86,3.68,3.68,3.68,3.68,10.8875,10.8875,10.8875,10.8875,2.48,2.48,2.48,2.48,11.23,
Western Sahara,EH,2.68,12.09666667,12.09666667,12.09666667,4.86,4.86,4.86,4.86,8.725,8.725,8.725,8.725,1.3175,1.3175,1.3175,1.3175,4.1,
Yemen,YE,1.06,13.05333333,13.05333333,13.05333333,5.315,5.315,5.315,5.315,8.195,8.195,8.195,8.195,1,1,1,1,2.8,
Zambia,ZM,1.91,15.24666667,15.24666667,15.24666667,5.0075,5.0075,5.0075,5.0075,7.24,7.24,7.24,7.24,0.7525,0.7525,0.7525,0.7525,2.27,
Zimbabwe,ZW,1.72,12.77333333,12.77333333,12.77333333,5.04,5.04,5.04,5.04,8.235,8.235,8.235,8.235,1.0175,1.0175,1.0175,1.0175,4.52,
